onset,pitch,duration,staff
0.0,65,0.135,0.0
0.0,62,0.135,0.0
0.0,58,0.135,0.0
0.0,53,0.135,0.0
0.25,65,0.135,0.0
0.25,62,0.135,0.0
0.25,58,0.135,0.0
0.25,53,0.135,0.0
0.5,65,0.135,0.0
0.5,62,0.135,0.0
0.5,58,0.135,0.0
0.5,53,0.135,0.0
0.75,65,0.135,0.0
0.75,62,0.135,0.0
0.75,58,0.135,0.0
0.75,53,0.135,0.0
1.0,65,0.135,0.0
1.0,62,0.135,0.0
1.0,58,0.135,0.0
1.0,53,0.135,0.0
1.25,65,0.135,0.0
1.25,62,0.135,0.0
1.25,58,0.135,0.0
1.25,53,0.135,0.0
1.5,65,0.135,0.0
1.5,62,0.135,0.0
1.5,58,0.135,0.0
1.5,53,0.135,0.0
1.75,76,0.067,0.0
1.75,65,0.135,0.0
1.75,62,0.135,0.0
1.75,58,0.135,0.0
1.75,53,0.135,0.0
1.875,79,0.067,0.0
2.0,77,0.135,0.0
2.0,65,0.135,0.0
2.0,62,0.135,0.0
2.0,58,0.135,0.0
2.0,53,0.135,0.0
2.25,76,0.067,0.0
2.25,65,0.135,0.0
2.25,62,0.135,0.0
2.25,58,0.135,0.0
2.25,53,0.135,0.0
2.375,79,0.067,0.0
2.5,77,0.135,0.0
2.5,65,0.135,0.0
2.5,62,0.135,0.0
2.5,58,0.135,0.0
2.5,53,0.135,0.0
2.75,76,0.067,0.0
2.75,65,0.135,0.0
2.75,62,0.135,0.0
2.75,58,0.135,0.0
2.75,53,0.135,0.0
2.875,79,0.113,0.0
3.0,77,0.675,0.0
3.0,65,0.135,0.0
3.0,62,0.135,0.0
3.0,58,0.135,0.0
3.0,53,0.135,0.0
3.25,65,0.135,0.0
3.25,62,0.135,0.0
3.25,58,0.135,0.0
3.25,53,0.135,0.0
3.5,65,0.135,0.0
3.5,62,0.135,0.0
3.5,58,0.135,0.0
3.5,53,0.135,0.0
3.75,74,0.225,0.0
3.75,70,0.225,0.0
3.75,65,0.135,0.0
3.75,62,0.135,0.0
3.75,58,0.135,0.0
3.75,53,0.135,0.0
4.0,74,0.113,0.0
4.0,65,0.225,0.0
4.0,69,0.225,0.0
4.0,63,0.135,0.0
4.0,60,0.135,0.0
4.0,53,0.135,0.0
4.125,72,0.067,0.0
4.25,72,0.067,0.0
4.25,65,0.135,0.0
4.25,60,0.135,0.0
4.25,57,0.135,0.0
4.25,53,0.135,0.0
4.375,74,0.067,0.0
4.5,75,0.135,0.0
4.5,65,0.135,0.0
4.5,60,0.135,0.0
4.5,57,0.135,0.0
4.5,53,0.135,0.0
4.75,72,0.067,0.0
4.75,65,0.135,0.0
4.75,60,0.135,0.0
4.75,57,0.135,0.0
4.75,53,0.135,0.0
4.875,74,0.113,0.0
5.0,70,0.225,0.0
5.0,65,0.225,0.0
5.0,62,0.135,0.0
5.0,58,0.135,0.0
5.0,53,0.135,0.0
5.25,65,0.135,0.0
5.25,62,0.135,0.0
5.25,58,0.135,0.0
5.25,53,0.135,0.0
5.5,65,0.135,0.0
5.5,62,0.135,0.0
5.5,58,0.135,0.0
5.5,53,0.135,0.0
5.75,34,0.062,0.0
5.75,34,0.25,0.0
5.75,65,0.135,0.0
5.75,62,0.135,0.0
5.75,58,0.135,0.0
5.75,53,0.135,0.0
5.875,36,0.062,0.0
6.0,38,0.125,0.0
6.0,38,0.125,0.0
6.0,34,0.25,0.0
6.0,65,0.135,0.0
6.0,62,0.135,0.0
6.0,58,0.135,0.0
6.0,53,0.135,0.0
6.25,38,0.062,0.0
6.25,38,0.062,0.0
6.25,65,0.135,0.0
6.25,62,0.135,0.0
6.25,58,0.135,0.0
6.25,53,0.135,0.0
6.375,39,0.062,0.0
6.375,39,0.062,0.0
6.5,41,0.125,0.0
6.5,41,0.125,0.0
6.5,65,0.135,0.0
6.5,62,0.135,0.0
6.5,58,0.135,0.0
6.5,53,0.135,0.0
6.75,42,0.062,0.0
6.75,36,0.5,0.0
6.75,42,0.062,0.0
6.75,62,0.135,0.0
6.75,58,0.135,0.0
6.75,54,0.135,0.0
6.75,50,0.135,0.0
6.875,38,0.062,0.0
6.875,38,0.062,0.0
7.0,43,0.5,0.0
7.0,43,0.5,0.0
7.0,62,0.135,0.0
7.0,58,0.135,0.0
7.0,55,0.135,0.0
7.0,50,0.135,0.0
7.25,62,0.135,0.0
7.25,58,0.135,0.0
7.25,55,0.135,0.0
7.25,50,0.135,0.0
7.5,62,0.135,0.0
7.5,58,0.135,0.0
7.5,55,0.135,0.0
7.5,50,0.135,0.0
7.75,62,0.135,0.0
7.75,58,0.135,0.0
7.75,55,0.135,0.0
7.75,50,0.135,0.0
8.0,62,0.135,0.0
8.0,58,0.135,0.0
8.0,55,0.135,0.0
8.0,50,0.135,0.0
8.25,62,0.135,0.0
8.25,58,0.135,0.0
8.25,55,0.135,0.0
8.25,50,0.135,0.0
8.5,62,0.135,0.0
8.5,58,0.135,0.0
8.5,55,0.135,0.0
8.5,50,0.135,0.0
8.75,73,0.056,0.0
8.75,62,0.135,0.0
8.75,58,0.135,0.0
8.75,55,0.135,0.0
8.75,50,0.135,0.0
8.875,75,0.056,0.0
9.0,74,0.113,0.0
9.0,62,0.135,0.0
9.0,58,0.135,0.0
9.0,55,0.135,0.0
9.0,50,0.135,0.0
9.25,73,0.056,0.0
9.25,62,0.135,0.0
9.25,58,0.135,0.0
9.25,55,0.135,0.0
9.25,50,0.135,0.0
9.375,75,0.056,0.0
9.5,74,0.113,0.0
9.5,62,0.135,0.0
9.5,58,0.135,0.0
9.5,55,0.135,0.0
9.5,50,0.135,0.0
9.75,73,0.056,0.0
9.75,62,0.135,0.0
9.75,58,0.135,0.0
9.75,55,0.135,0.0
9.75,50,0.135,0.0
9.875,75,0.113,0.0
10.0,74,0.675,0.0
10.0,62,0.135,0.0
10.0,58,0.135,0.0
10.0,55,0.135,0.0
10.0,50,0.135,0.0
10.25,62,0.135,0.0
10.25,58,0.135,0.0
10.25,55,0.135,0.0
10.25,50,0.135,0.0
10.5,62,0.135,0.0
10.5,58,0.135,0.0
10.5,55,0.135,0.0
10.5,50,0.135,0.0
10.75,82,0.225,0.0
10.75,79,0.225,0.0
10.75,74,0.225,0.0
10.75,62,0.135,0.0
10.75,58,0.135,0.0
10.75,55,0.135,0.0
10.75,50,0.135,0.0
11.0,82,0.113,0.0
11.0,78,0.225,0.0
11.0,74,0.225,0.0
11.0,62,0.135,0.0
11.0,60,0.135,0.0
11.0,57,0.135,0.0
11.0,50,0.135,0.0
11.125,81,0.113,0.0
11.25,81,0.056,0.0
11.25,78,0.113,0.0
11.25,74,0.113,0.0
11.25,62,0.135,0.0
11.25,60,0.135,0.0
11.25,57,0.135,0.0
11.25,50,0.135,0.0
11.375,82,0.056,0.0
11.5,84,0.113,0.0
11.5,78,0.113,0.0
11.5,74,0.113,0.0
11.5,62,0.135,0.0
11.5,57,0.135,0.0
11.5,54,0.135,0.0
11.5,50,0.135,0.0
11.75,81,0.056,0.0
11.75,78,0.113,0.0
11.75,74,0.113,0.0
11.75,62,0.135,0.0
11.75,57,0.135,0.0
11.75,54,0.135,0.0
11.75,50,0.135,0.0
11.875,82,0.113,0.0
12.0,79,0.225,0.0
12.0,74,0.225,0.0
12.0,70,0.225,0.0
12.0,62,0.135,0.0
12.0,58,0.135,0.0
12.0,55,0.135,0.0
12.0,50,0.135,0.0
12.25,62,0.135,0.0
12.25,58,0.135,0.0
12.25,55,0.135,0.0
12.25,50,0.135,0.0
12.5,62,0.135,0.0
12.5,58,0.135,0.0
12.5,55,0.135,0.0
12.5,50,0.135,0.0
12.75,67,0.135,0.0
12.75,62,0.135,0.0
12.75,58,0.135,0.0
12.75,31,0.056,0.0
12.75,43,0.056,0.0
12.875,33,0.056,0.0
12.875,45,0.056,0.0
13.0,67,0.135,0.0
13.0,62,0.135,0.0
13.0,58,0.135,0.0
13.0,34,0.113,0.0
13.0,46,0.113,0.0
13.25,67,0.135,0.0
13.25,62,0.135,0.0
13.25,58,0.135,0.0
13.25,34,0.056,0.0
13.25,46,0.056,0.0
13.375,36,0.056,0.0
13.375,48,0.056,0.0
13.5,67,0.135,0.0
13.5,62,0.135,0.0
13.5,58,0.135,0.0
13.5,38,0.113,0.0
13.5,50,0.113,0.0
13.75,67,0.135,0.0
13.75,62,0.135,0.0
13.75,58,0.135,0.0
13.75,38,0.056,0.0
13.75,50,0.056,0.0
13.875,34,0.056,0.0
13.875,46,0.056,0.0
14.0,67,0.135,0.0
14.0,63,0.135,0.0
14.0,58,0.135,0.0
14.0,51,0.225,0.0
14.0,39,0.225,0.0
14.25,67,0.135,0.0
14.25,63,0.135,0.0
14.25,58,0.135,0.0
14.5,67,0.135,0.0
14.5,63,0.135,0.0
14.5,58,0.135,0.0
14.75,67,0.135,0.0
14.75,63,0.135,0.0
14.75,58,0.135,0.0
14.75,55,0.135,0.0
15.0,67,0.135,0.0
15.0,63,0.135,0.0
15.0,58,0.135,0.0
15.0,55,0.135,0.0
15.25,67,0.135,0.0
15.25,63,0.135,0.0
15.25,58,0.135,0.0
15.25,55,0.135,0.0
15.5,67,0.135,0.0
15.5,63,0.135,0.0
15.5,58,0.135,0.0
15.5,55,0.135,0.0
15.75,81,0.056,0.0
15.75,67,0.135,0.0
15.75,63,0.135,0.0
15.75,58,0.135,0.0
15.75,55,0.135,0.0
15.875,84,0.056,0.0
16.0,82,0.113,0.0
16.0,70,0.225,0.0
16.0,67,0.135,0.0
16.0,63,0.135,0.0
16.0,58,0.135,0.0
16.0,55,0.135,0.0
16.25,81,0.056,0.0
16.25,67,0.135,0.0
16.25,63,0.135,0.0
16.25,58,0.135,0.0
16.25,55,0.135,0.0
16.375,84,0.113,0.0
16.5,82,0.225,0.0
16.5,70,0.225,0.0
16.5,67,0.135,0.0
16.5,63,0.135,0.0
16.5,58,0.135,0.0
16.5,55,0.135,0.0
16.75,81,0.113,0.0
16.75,75,0.113,0.0
16.75,69,0.113,0.0
16.75,53,0.225,0.0
16.75,41,0.225,0.0
16.875,84,0.113,0.0
16.875,72,0.113,0.0
17.0,87,0.675,0.0
17.0,75,0.675,0.0
17.0,53,0.675,0.0
17.0,63,0.675,0.0
17.0,57,0.675,0.0
17.75,84,0.056,0.0
17.75,72,0.056,0.0
17.75,63,0.113,0.0
17.75,60,0.113,0.0
17.75,53,0.113,0.0
17.875,82,0.113,0.0
17.875,70,0.113,0.0
18.0,81,0.113,0.0
18.0,69,0.113,0.0
18.0,63,0.113,0.0
18.0,60,0.113,0.0
18.0,53,0.113,0.0
18.25,82,0.056,0.0
18.25,70,0.056,0.0
18.25,60,0.113,0.0
18.25,57,0.113,0.0
18.25,53,0.113,0.0
18.375,84,0.056,0.0
18.375,72,0.056,0.0
18.5,77,0.113,0.0
18.5,65,0.113,0.0
18.5,60,0.113,0.0
18.5,57,0.113,0.0
18.5,53,0.113,0.0
18.75,79,0.056,0.0
18.75,67,0.056,0.0
18.75,60,0.113,0.0
18.75,57,0.113,0.0
18.75,53,0.113,0.0
18.875,81,0.056,0.0
18.875,69,0.056,0.0
19.0,82,0.225,0.0
19.0,70,0.225,0.0
19.0,62,0.113,0.0
19.0,58,0.113,0.0
19.0,53,0.113,0.0
19.25,53,0.056,0.0
19.25,65,0.113,0.0
19.25,62,0.113,0.0
19.375,55,0.056,0.0
19.5,46,0.113,0.0
19.5,65,0.113,0.0
19.5,62,0.113,0.0
19.75,77,0.113,0.0
19.75,65,0.113,0.0
19.75,62,0.113,0.0
19.75,58,0.113,0.0
19.875,79,0.056,0.0
20.0,72,0.113,0.0
20.0,65,0.113,0.0
20.0,63,0.113,0.0
20.0,60,0.113,0.0
20.25,45,0.056,0.0
20.25,65,0.113,0.0
20.25,63,0.113,0.0
20.25,60,0.113,0.0
20.375,48,0.056,0.0
20.5,41,0.113,0.0
20.5,65,0.113,0.0
20.5,63,0.113,0.0
20.5,60,0.113,0.0
20.75,75,0.056,0.0
20.75,65,0.113,0.0
20.75,63,0.113,0.0
20.75,60,0.113,0.0
20.875,77,0.056,0.0
21.0,74,0.113,0.0
21.0,65,0.113,0.0
21.0,62,0.113,0.0
21.0,58,0.113,0.0
21.25,46,0.056,0.0
21.25,65,0.113,0.0
21.25,62,0.113,0.0
21.25,58,0.113,0.0
21.375,50,0.056,0.0
21.5,41,0.113,0.0
21.5,65,0.113,0.0
21.5,62,0.113,0.0
21.5,58,0.113,0.0
21.75,74,0.056,0.0
21.75,65,0.113,0.0
21.75,62,0.113,0.0
21.75,58,0.113,0.0
21.875,75,0.056,0.0
22.0,72,0.113,0.0
22.0,65,0.225,0.0
22.0,69,0.225,0.0
22.0,63,0.225,0.0
22.0,60,0.225,0.0
22.0,53,0.225,0.0
22.25,72,0.056,0.0
22.25,65,0.225,0.0
22.25,69,0.225,0.0
22.25,63,0.225,0.0
22.25,60,0.225,0.0
22.25,53,0.225,0.0
22.375,74,0.056,0.0
22.5,72,0.113,0.0
22.5,65,0.225,0.0
22.5,69,0.225,0.0
22.5,63,0.225,0.0
22.5,60,0.225,0.0
22.5,53,0.225,0.0
22.75,72,0.056,0.0
22.75,65,0.225,0.0
22.75,69,0.225,0.0
22.75,63,0.225,0.0
22.75,60,0.225,0.0
22.75,53,0.225,0.0
22.875,74,0.056,0.0
23.0,70,0.113,0.0
23.0,65,0.225,0.0
23.0,65,0.225,0.0
23.0,62,0.225,0.0
23.0,58,0.225,0.0
23.25,53,0.056,0.0
23.25,65,0.225,0.0
23.25,62,0.225,0.0
23.25,58,0.225,0.0
23.375,55,0.056,0.0
23.5,46,0.113,0.0
23.5,65,0.225,0.0
23.5,62,0.225,0.0
23.5,58,0.225,0.0
23.75,77,0.056,0.0
23.75,65,0.225,0.0
23.75,62,0.225,0.0
23.75,58,0.225,0.0
23.875,79,0.113,0.0
24.0,79,0.113,0.0
24.0,65,0.113,0.0
24.0,63,0.225,0.0
24.0,60,0.225,0.0
24.125,72,0.113,0.0
24.125,67,0.113,0.0
24.25,45,0.056,0.0
24.25,65,0.225,0.0
24.25,63,0.225,0.0
24.25,60,0.225,0.0
24.375,48,0.056,0.0
24.5,41,0.113,0.0
24.5,65,0.225,0.0
24.5,63,0.225,0.0
24.5,60,0.225,0.0
24.75,75,0.056,0.0
24.75,65,0.225,0.0
24.75,63,0.225,0.0
24.75,60,0.225,0.0
24.875,77,0.113,0.0
25.0,77,0.113,0.0
25.0,65,0.113,0.0
25.0,62,0.225,0.0
25.0,58,0.225,0.0
25.125,70,0.113,0.0
25.125,67,0.113,0.0
25.25,46,0.056,0.0
25.25,65,0.225,0.0
25.25,62,0.225,0.0
25.25,58,0.225,0.0
25.375,50,0.056,0.0
25.5,46,0.113,0.0
25.5,65,0.225,0.0
25.5,62,0.225,0.0
25.5,58,0.225,0.0
25.75,79,0.056,0.0
25.75,75,0.056,0.0
25.75,67,0.056,0.0
25.75,63,0.113,0.0
25.75,58,0.113,0.0
25.75,51,0.113,0.0
25.875,81,0.056,0.0
25.875,77,0.056,0.0
25.875,69,0.056,0.0
26.0,77,0.225,0.0
26.0,74,0.225,0.0
26.0,65,0.225,0.0
26.0,62,0.113,0.0
26.0,46,0.113,0.0
26.25,79,0.056,0.0
26.25,75,0.056,0.0
26.25,67,0.056,0.0
26.25,63,0.113,0.0
26.25,58,0.113,0.0
26.25,51,0.113,0.0
26.375,81,0.056,0.0
26.375,77,0.056,0.0
26.375,69,0.056,0.0
26.5,77,0.113,0.0
26.5,74,0.113,0.0
26.5,65,0.113,0.0
26.5,62,0.113,0.0
26.5,46,0.113,0.0
26.75,79,0.113,0.0
26.75,75,0.113,0.0
26.75,67,0.113,0.0
26.75,63,0.113,0.0
26.75,58,0.113,0.0
26.75,51,0.113,0.0
26.875,81,0.113,0.0
26.875,77,0.113,0.0
26.875,69,0.113,0.0
27.0,77,0.225,0.0
27.0,74,0.225,0.0
27.0,65,0.225,0.0
27.0,62,0.225,0.0
27.0,46,0.225,0.0
27.75,57,0.056,0.0
27.75,63,0.056,0.0
27.75,72,0.056,0.0
27.875,53,0.056,0.0
27.875,65,0.056,0.0
27.875,74,0.056,0.0
28.0,58,0.113,0.0
28.0,62,0.113,0.0
28.0,70,0.113,0.0
28.25,57,0.056,0.0
28.25,63,0.056,0.0
28.25,72,0.056,0.0
28.375,53,0.056,0.0
28.375,65,0.056,0.0
28.375,74,0.056,0.0
28.5,58,0.113,0.0
28.5,62,0.113,0.0
28.5,70,0.113,0.0
28.75,57,0.056,0.0
28.75,63,0.056,0.0
28.75,72,0.056,0.0
28.875,53,0.056,0.0
28.875,65,0.056,0.0
28.875,74,0.056,0.0
29.0,58,0.113,0.0
29.0,62,0.113,0.0
29.0,70,0.113,0.0
29.25,58,0.113,0.0
29.25,62,0.113,0.0
29.25,65,0.113,0.0
29.5,58,0.113,0.0
29.5,62,0.113,0.0
29.5,65,0.113,0.0
29.75,79,0.056,0.0
29.75,75,0.056,0.0
29.75,67,0.056,0.0
29.75,63,0.113,0.0
29.75,58,0.113,0.0
29.75,51,0.113,0.0
29.875,81,0.056,0.0
29.875,77,0.056,0.0
29.875,69,0.056,0.0
30.0,77,0.113,0.0
30.0,74,0.113,0.0
30.0,65,0.113,0.0
30.0,62,0.113,0.0
30.0,46,0.113,0.0
30.25,79,0.056,0.0
30.25,75,0.056,0.0
30.25,67,0.056,0.0
30.25,63,0.113,0.0
30.25,58,0.113,0.0
30.25,51,0.113,0.0
30.375,81,0.056,0.0
30.375,77,0.056,0.0
30.375,69,0.056,0.0
30.5,77,0.113,0.0
30.5,74,0.113,0.0
30.5,65,0.113,0.0
30.5,62,0.113,0.0
30.5,46,0.113,0.0
30.75,79,0.056,0.0
30.75,75,0.056,0.0
30.75,67,0.056,0.0
30.75,51,0.113,0.0
30.75,63,0.113,0.0
30.75,58,0.113,0.0
30.875,81,0.056,0.0
30.875,77,0.056,0.0
30.875,69,0.056,0.0
31.0,77,0.225,0.0
31.0,74,0.225,0.0
31.0,65,0.225,0.0
31.0,62,0.225,0.0
31.0,46,0.225,0.0
31.75,79,0.113,0.0
31.75,75,0.113,0.0
31.75,67,0.113,0.0
31.75,63,0.113,0.0
31.75,58,0.113,0.0
31.75,51,0.113,0.0
31.875,81,0.056,0.0
31.875,77,0.056,0.0
31.875,69,0.056,0.0
32.0,77,0.225,0.0
32.0,74,0.225,0.0
32.0,65,0.225,0.0
32.0,62,0.225,0.0
32.0,46,0.225,0.0
32.75,79,0.113,0.0
32.75,75,0.113,0.0
32.75,67,0.113,0.0
32.75,63,0.113,0.0
32.75,58,0.113,0.0
32.75,51,0.113,0.0
32.875,81,0.113,0.0
32.875,77,0.113,0.0
32.875,69,0.113,0.0
33.0,77,0.225,0.0
33.0,74,0.225,0.0
33.0,65,0.225,0.0
33.0,62,0.225,0.0
33.0,46,0.225,0.0
33.75,79,0.113,0.0
33.75,75,0.113,0.0
33.75,70,0.113,0.0
33.75,63,0.113,0.0
33.75,67,0.113,0.0
33.875,81,0.056,0.0
33.875,77,0.056,0.0
33.875,70,0.056,0.0
33.875,65,0.056,0.0
33.875,69,0.056,0.0
34.0,77,0.113,0.0
34.0,74,0.113,0.0
34.0,70,0.113,0.0
34.0,62,0.113,0.0
34.0,65,0.113,0.0
34.25,45,0.056,0.0
34.25,82,0.113,0.0
34.25,74,0.113,0.0
34.25,70,0.113,0.0
34.375,48,0.056,0.0
34.5,46,0.113,0.0
34.5,82,0.113,0.0
34.5,74,0.113,0.0
34.5,70,0.113,0.0
34.75,57,0.056,0.0
34.75,82,0.113,0.0
34.75,74,0.113,0.0
34.75,70,0.113,0.0
34.875,60,0.056,0.0
35.0,58,0.113,0.0
35.0,82,0.113,0.0
35.0,74,0.113,0.0
35.0,70,0.113,0.0
35.25,69,0.056,0.0
35.25,82,0.113,0.0
35.25,74,0.113,0.0
35.375,72,0.056,0.0
35.5,70,0.113,0.0
35.5,82,0.113,0.0
35.5,74,0.113,0.0
35.75,81,0.056,0.0
35.75,70,0.113,0.0
35.875,84,0.056,0.0
36.0,82,0.113,0.0
36.0,79,0.113,0.0
36.0,72,0.113,0.0
36.0,70,0.113,0.0
36.25,47,0.056,0.0
36.25,82,0.113,0.0
36.25,79,0.113,0.0
36.25,70,0.113,0.0
36.375,50,0.056,0.0
36.5,48,0.113,0.0
36.5,82,0.113,0.0
36.5,79,0.113,0.0
36.5,70,0.113,0.0
36.75,59,0.056,0.0
36.75,82,0.113,0.0
36.75,79,0.113,0.0
36.75,70,0.113,0.0
36.875,62,0.056,0.0
37.0,60,0.113,0.0
37.0,82,0.113,0.0
37.0,79,0.113,0.0
37.0,70,0.113,0.0
37.25,71,0.056,0.0
37.25,82,0.113,0.0
37.25,79,0.113,0.0
37.25,70,0.113,0.0
37.375,74,0.056,0.0
37.5,72,0.113,0.0
37.5,82,0.113,0.0
37.5,79,0.113,0.0
37.5,70,0.113,0.0
37.75,81,0.056,0.0
37.75,69,0.056,0.0
37.875,84,0.056,0.0
37.875,72,0.056,0.0
38.0,82,0.675,0.0
38.0,70,0.675,0.0
38.0,60,0.225,0.0
38.0,58,0.225,0.0
38.25,47,0.056,0.0
38.25,60,0.225,0.0
38.25,58,0.225,0.0
38.375,50,0.056,0.0
38.5,48,0.113,0.0
38.5,60,0.225,0.0
38.5,58,0.225,0.0
38.75,79,0.113,0.0
38.75,67,0.113,0.0
38.75,60,0.225,0.0
38.75,58,0.225,0.0
39.0,81,0.675,0.0
39.0,69,0.675,0.0
39.0,60,0.225,0.0
39.0,57,0.225,0.0
39.25,47,0.056,0.0
39.25,60,0.225,0.0
39.25,57,0.225,0.0
39.375,50,0.056,0.0
39.5,48,0.113,0.0
39.5,60,0.225,0.0
39.5,57,0.225,0.0
39.75,77,0.113,0.0
39.75,65,0.113,0.0
39.75,60,0.225,0.0
39.75,57,0.225,0.0
40.0,79,0.113,0.0
40.0,67,0.113,0.0
40.0,60,0.225,0.0
40.0,55,0.225,0.0
40.25,47,0.056,0.0
40.25,76,0.113,0.0
40.25,64,0.113,0.0
40.25,60,0.225,0.0
40.25,55,0.225,0.0
40.375,50,0.056,0.0
40.5,48,0.113,0.0
40.5,72,0.113,0.0
40.5,64,0.113,0.0
40.5,60,0.225,0.0
40.5,55,0.225,0.0
40.75,76,0.113,0.0
40.75,64,0.113,0.0
40.75,60,0.225,0.0
40.75,55,0.225,0.0
41.0,77,0.113,0.0
41.0,65,0.113,0.0
41.0,60,0.225,0.0
41.0,57,0.225,0.0
41.25,47,0.056,0.0
41.25,81,0.113,0.0
41.25,69,0.113,0.0
41.25,60,0.225,0.0
41.25,57,0.225,0.0
41.375,50,0.056,0.0
41.5,48,0.113,0.0
41.5,84,0.113,0.0
41.5,72,0.113,0.0
41.5,60,0.225,0.0
41.5,57,0.225,0.0
41.75,81,0.113,0.0
41.75,69,0.113,0.0
41.75,60,0.225,0.0
41.75,57,0.225,0.0
42.0,82,0.113,0.0
42.0,70,0.113,0.0
42.0,60,0.225,0.0
42.0,58,0.225,0.0
42.25,47,0.056,0.0
42.25,82,0.225,0.0
42.25,70,0.225,0.0
42.25,60,0.225,0.0
42.25,58,0.225,0.0
42.375,50,0.056,0.0
42.5,48,0.113,0.0
42.5,60,0.225,0.0
42.5,58,0.225,0.0
42.75,67,0.225,0.0
42.75,79,0.025,0.0
42.75,81,0.025,0.0
42.75,60,0.225,0.0
42.75,58,0.225,0.0
42.85,79,0.025,0.0
42.85,77,0.025,0.0
42.95,79,0.025,0.0
43.0,81,0.113,0.0
43.0,69,0.113,0.0
43.0,60,0.225,0.0
43.0,57,0.225,0.0
43.25,47,0.056,0.0
43.25,81,0.113,0.0
43.25,69,0.113,0.0
43.25,60,0.225,0.0
43.25,57,0.225,0.0
43.375,50,0.056,0.0
43.5,48,0.113,0.0
43.5,60,0.225,0.0
43.5,57,0.225,0.0
43.75,77,0.05,0.0
43.75,79,0.05,0.0
43.75,60,0.225,0.0
43.75,57,0.225,0.0
43.85,77,0.05,0.0
43.85,75,0.05,0.0
43.95,77,0.05,0.0
44.0,79,0.113,0.0
44.0,67,0.113,0.0
44.0,60,0.225,0.0
44.0,55,0.225,0.0
44.25,47,0.062,0.0
44.25,76,0.113,0.0
44.25,64,0.113,0.0
44.25,60,0.225,0.0
44.25,55,0.225,0.0
44.375,50,0.062,0.0
44.5,48,0.083,0.0
44.5,72,0.113,0.0
44.5,64,0.113,0.0
44.5,60,0.225,0.0
44.5,55,0.225,0.0
44.667,48,0.083,0.0
44.75,76,0.113,0.0
44.75,64,0.113,0.0
44.75,60,0.225,0.0
44.75,55,0.225,0.0
45.0,77,0.062,0.0
45.0,29,0.062,0.0
45.0,41,0.062,0.0
45.062,65,0.062,0.0
45.062,43,0.062,0.0
45.125,65,0.062,0.0
45.125,45,0.062,0.0
45.188,53,0.062,0.0
45.188,46,0.062,0.0
45.25,65,0.062,0.0
45.25,48,0.062,0.0
45.312,53,0.062,0.0
45.312,46,0.062,0.0
45.375,65,0.062,0.0
45.375,45,0.062,0.0
45.438,53,0.062,0.0
45.438,41,0.25,0.0
45.5,45,0.062,0.0
45.5,41,0.225,0.0
45.5,53,0.225,0.0
45.75,48,0.113,0.0
45.75,60,0.113,0.0
46.0,57,0.113,0.0
46.0,45,0.113,0.0
46.25,53,0.113,0.0
46.25,41,0.113,0.0
46.5,57,0.113,0.0
46.5,45,0.113,0.0
46.75,69,0.113,0.0
46.75,61,0.113,0.0
46.75,49,0.113,0.0
46.75,57,0.113,0.0
47.0,65,0.113,0.0
47.0,62,0.113,0.0
47.0,53,0.113,0.0
47.0,50,0.113,0.0
47.25,74,0.113,0.0
47.25,62,0.113,0.0
47.5,71,0.113,0.0
47.5,59,0.113,0.0
47.5,47,0.113,0.0
47.75,77,0.113,0.0
47.75,74,0.113,0.0
47.75,65,0.113,0.0
48.0,76,0.113,0.0
48.0,72,0.113,0.0
48.0,64,0.113,0.0
48.0,60,0.113,0.0
48.0,48,0.113,0.0
48.25,55,0.113,0.0
48.25,79,0.113,0.0
48.25,67,0.113,0.0
48.5,72,0.113,0.0
48.5,60,0.113,0.0
48.5,48,0.113,0.0
48.75,82,0.113,0.0
48.75,76,0.113,0.0
48.75,70,0.113,0.0
48.75,67,0.113,0.0
48.75,60,0.113,0.0
49.0,69,0.113,0.0
49.0,77,0.113,0.0
49.0,81,0.113,0.0
49.0,29,0.062,0.0
49.0,41,0.062,0.0
49.062,43,0.062,0.0
49.125,65,0.062,0.0
49.125,45,0.062,0.0
49.188,53,0.062,0.0
49.188,46,0.062,0.0
49.25,65,0.062,0.0
49.25,48,0.062,0.0
49.312,53,0.062,0.0
49.312,46,0.062,0.0
49.375,65,0.062,0.0
49.375,45,0.062,0.0
49.438,53,0.062,0.0
49.438,41,0.25,0.0
49.5,53,0.225,0.0
49.5,41,0.225,0.0
49.75,60,0.113,0.0
49.75,48,0.113,0.0
50.0,57,0.113,0.0
50.0,45,0.113,0.0
50.25,53,0.113,0.0
50.25,41,0.113,0.0
50.5,57,0.113,0.0
50.5,45,0.113,0.0
50.75,69,0.113,0.0
50.75,61,0.113,0.0
50.75,49,0.113,0.0
50.75,57,0.113,0.0
51.0,65,0.113,0.0
51.0,62,0.113,0.0
51.0,53,0.113,0.0
51.0,50,0.113,0.0
51.25,74,0.113,0.0
51.25,62,0.113,0.0
51.5,47,0.113,0.0
51.5,71,0.113,0.0
51.5,59,0.113,0.0
51.75,59,0.113,0.0
52.0,55,0.056,0.0
52.0,43,0.056,0.0
52.25,67,0.113,0.0
52.5,53,0.113,0.0
52.5,77,0.113,0.0
52.5,65,0.113,0.0
52.75,65,0.113,0.0
53.0,64,0.113,0.0
53.0,52,0.113,0.0
53.25,64,0.113,0.0
53.25,76,0.113,0.0
53.5,36,0.113,0.0
53.5,60,0.113,0.0
53.5,72,0.113,0.0
53.75,48,0.113,0.0
54.0,58,0.113,0.0
54.0,46,0.113,0.0
54.25,82,0.113,0.0
54.25,70,0.113,0.0
54.5,45,0.225,0.0
54.5,81,0.113,0.0
54.5,69,0.113,0.0
54.75,57,0.113,0.0
55.0,53,0.113,0.0
55.0,41,0.225,0.0
55.25,77,0.113,0.0
55.25,65,0.113,0.0
55.5,51,0.225,0.0
55.5,77,0.113,0.0
55.5,75,0.113,0.0
55.5,65,0.113,0.0
55.75,63,0.113,0.0
56.0,62,0.225,0.0
56.0,50,0.225,0.0
56.25,77,0.113,0.0
56.25,74,0.113,0.0
56.25,65,0.113,0.0
56.5,49,0.225,0.0
56.5,77,0.113,0.0
56.5,73,0.113,0.0
56.5,65,0.113,0.0
56.75,61,0.225,0.0
57.0,60,1.0,0.0
57.0,48,1.0,0.0
57.5,72,0.225,0.0
57.75,65,0.225,0.0
57.75,77,0.225,0.0
58.0,64,0.225,0.0
58.0,76,0.225,0.0
58.0,60,0.75,0.0
58.0,48,0.75,0.0
58.25,62,0.225,0.0
58.25,74,0.225,0.0
58.5,72,0.225,0.0
58.5,60,0.725,0.0
58.75,55,0.225,0.0
58.75,82,0.225,0.0
58.75,70,0.225,0.0
58.75,76,0.225,0.0
59.0,53,0.225,0.0
59.0,81,0.225,0.0
59.0,69,0.225,0.0
59.0,77,0.225,0.0
59.25,79,0.225,0.0
59.25,67,0.225,0.0
59.25,58,0.225,0.0
59.25,84,0.45,0.0
59.25,72,0.45,0.0
59.5,77,0.225,0.0
59.5,65,0.225,0.0
59.5,57,0.225,0.0
59.75,81,0.113,0.0
59.75,53,0.113,0.0
59.75,72,0.225,0.0
59.75,69,0.225,0.0
59.875,77,0.056,0.0
59.875,57,0.056,0.0
60.0,76,0.113,0.0
60.0,67,0.113,0.0
60.0,58,0.113,0.0
60.0,48,0.113,0.0
60.25,76,0.113,0.0
60.25,67,0.113,0.0
60.25,58,0.113,0.0
60.25,48,0.113,0.0
60.5,76,0.113,0.0
60.5,67,0.113,0.0
60.5,58,0.113,0.0
60.5,48,0.113,0.0
60.75,60,0.062,0.0
60.75,48,0.225,0.0
60.75,69,0.062,0.0
60.75,77,0.062,0.0
60.812,58,0.062,0.0
60.812,67,0.062,0.0
60.812,76,0.062,0.0
60.875,57,0.062,0.0
60.875,65,0.062,0.0
60.875,74,0.062,0.0
60.938,58,0.031,0.0
60.938,67,0.031,0.0
60.938,76,0.031,0.0
61.0,57,0.125,0.0
61.0,53,0.113,0.0
61.0,65,0.125,0.0
61.0,77,0.125,0.0
61.5,48,0.5,0.0
61.5,60,0.225,0.0
61.5,72,0.225,0.0
61.75,65,0.225,0.0
61.75,77,0.225,0.0
62.0,36,0.225,0.0
62.0,48,0.225,0.0
62.0,76,0.225,0.0
62.0,64,0.225,0.0
62.25,74,0.225,0.0
62.25,62,0.225,0.0
62.25,41,0.225,0.0
62.25,53,0.225,0.0
62.5,72,0.225,0.0
62.5,60,0.225,0.0
62.5,40,0.225,0.0
62.5,52,0.225,0.0
62.75,82,0.225,0.0
62.75,70,0.225,0.0
62.75,43,0.225,0.0
62.75,55,0.225,0.0
63.0,81,0.225,0.0
63.0,69,0.225,0.0
63.0,53,0.225,0.0
63.0,41,0.225,0.0
63.25,79,0.225,0.0
63.25,84,0.45,0.0
63.25,72,0.45,0.0
63.25,58,0.225,0.0
63.25,46,0.225,0.0
63.5,77,0.225,0.0
63.5,57,0.225,0.0
63.5,45,0.225,0.0
63.75,81,0.113,0.0
63.75,77,0.225,0.0
63.75,60,0.225,0.0
63.75,50,0.113,0.0
63.875,89,0.056,0.0
63.875,57,0.113,0.0
64.0,88,0.113,0.0
64.0,79,0.113,0.0
64.0,76,0.113,0.0
64.0,60,0.225,0.0
64.0,48,0.225,0.0
64.25,88,0.113,0.0
64.25,60,0.056,0.0
64.25,82,0.113,0.0
64.25,79,0.113,0.0
64.375,64,0.056,0.0
64.5,88,0.113,0.0
64.5,67,0.029,0.0
64.5,60,0.45,0.0
64.5,82,0.113,0.0
64.5,79,0.113,0.0
64.625,70,0.056,0.0
64.75,89,0.062,0.0
64.75,72,0.056,0.0
64.75,82,0.225,0.0
64.75,79,0.225,0.0
64.812,88,0.062,0.0
64.875,86,0.062,0.0
64.875,70,0.113,0.0
64.938,88,0.062,0.0
65.0,89,0.225,0.0
65.0,69,0.225,0.0
65.0,81,0.225,0.0
65.0,77,0.225,0.0
65.0,65,0.225,0.0
65.0,69,0.225,0.0
65.25,76,0.056,0.0
65.375,79,0.056,0.0
65.5,77,0.113,0.0
65.75,65,0.225,0.0
65.75,74,0.225,0.0
65.75,70,0.225,0.0
66.0,65,0.225,0.0
66.0,72,0.225,0.0
66.0,69,0.225,0.0
66.25,64,0.056,0.0
66.375,67,0.056,0.0
66.5,65,0.113,0.0
66.75,67,0.225,0.0
66.75,70,0.225,0.0
67.0,65,0.225,0.0
67.0,69,0.225,0.0
67.25,76,0.056,0.0
67.375,79,0.113,0.0
67.5,77,0.113,0.0
67.75,65,0.225,0.0
67.75,75,0.225,0.0
67.75,72,0.225,0.0
68.0,65,0.225,0.0
68.0,74,0.225,0.0
68.0,70,0.225,0.0
68.25,64,0.056,0.0
68.375,67,0.056,0.0
68.5,65,0.113,0.0
68.75,69,0.225,0.0
68.75,72,0.225,0.0
69.0,67,0.225,0.0
69.0,70,0.225,0.0
69.25,76,0.056,0.0
69.375,79,0.113,0.0
69.5,77,0.113,0.0
69.75,65,0.225,0.0
69.75,77,0.225,0.0
69.75,74,0.225,0.0
70.0,65,0.225,0.0
70.0,75,0.225,0.0
70.0,72,0.225,0.0
70.25,64,0.056,0.0
70.375,67,0.056,0.0
70.5,65,0.113,0.0
70.75,70,0.225,0.0
70.75,74,0.225,0.0
71.0,72,0.225,0.0
71.0,69,0.225,0.0
71.25,64,0.058,0.0
71.375,67,0.058,0.0
71.5,65,0.117,0.0
71.75,63,0.233,0.0
71.75,53,0.233,0.0
71.75,75,0.233,0.0
71.75,67,0.233,0.0
71.75,79,0.233,0.0
72.0,62,0.233,0.0
72.0,53,0.233,0.0
72.0,65,0.233,0.0
72.0,77,0.233,0.0
72.0,74,0.233,0.0
72.25,60,0.233,0.0
72.25,53,0.469,0.0
72.25,72,0.233,0.0
72.25,75,0.233,0.0
72.25,63,0.233,0.0
72.5,58,0.233,0.0
72.5,62,0.233,0.0
72.5,74,0.233,0.0
72.5,70,0.233,0.0
72.75,60,0.233,0.0
72.75,72,0.233,0.0
72.75,69,0.233,0.0
72.75,57,0.469,0.0
72.75,60,0.469,0.0
73.0,63,0.233,0.0
73.0,75,0.233,0.0
73.0,67,0.233,0.0
73.0,79,0.233,0.0
73.25,62,0.233,0.0
73.25,53,0.469,0.0
73.25,77,0.233,0.0
73.25,65,0.233,0.0
73.25,74,0.233,0.0
73.5,60,0.233,0.0
73.5,72,0.233,0.0
73.5,75,0.233,0.0
73.5,63,0.233,0.0
73.75,58,0.233,0.0
73.75,53,0.25,0.0
73.75,74,0.233,0.0
73.75,62,0.233,0.0
73.75,70,0.233,0.0
74.0,60,0.233,0.0
74.0,53,0.219,0.0
74.0,69,0.233,0.0
74.0,72,0.233,0.0
74.25,63,0.233,0.0
74.25,53,0.469,0.0
74.25,75,0.233,0.0
74.25,79,0.233,0.0
74.25,67,0.233,0.0
74.5,62,0.233,0.0
74.5,77,0.233,0.0
74.5,65,0.233,0.0
74.5,74,0.233,0.0
74.75,60,0.233,0.0
74.75,53,0.469,0.0
74.75,72,0.233,0.0
74.75,63,0.233,0.0
74.75,75,0.233,0.0
75.0,58,0.233,0.0
75.0,74,0.233,0.0
75.0,62,0.233,0.0
75.0,70,0.233,0.0
75.25,60,0.233,0.0
75.25,69,0.233,0.0
75.25,72,0.233,0.0
75.25,53,0.469,0.0
75.25,57,0.469,0.0
75.5,63,0.233,0.0
75.5,75,0.233,0.0
75.5,67,0.233,0.0
75.5,79,0.233,0.0
75.75,62,0.233,0.0
75.75,50,0.25,0.0
75.75,77,0.233,0.0
75.75,65,0.233,0.0
75.75,74,0.233,0.0
76.0,60,0.233,0.0
76.0,50,0.219,0.0
76.0,72,0.233,0.0
76.0,75,0.233,0.0
76.0,63,0.233,0.0
76.25,58,0.233,0.0
76.25,53,0.469,0.0
76.25,74,0.233,0.0
76.25,62,0.233,0.0
76.25,70,0.233,0.0
76.5,69,0.233,0.0
76.5,72,0.233,0.0
76.5,60,0.233,0.0
76.5,57,0.233,0.0
76.75,69,0.225,0.0
76.75,53,0.469,0.0
76.75,41,0.233,0.0
76.75,75,0.233,0.0
76.75,79,0.233,0.0
77.0,70,0.225,0.0
77.0,43,0.233,0.0
77.0,74,0.233,0.0
77.0,77,0.233,0.0
77.25,65,0.45,0.0
77.25,53,0.469,0.0
77.25,45,0.233,0.0
77.25,72,0.233,0.0
77.25,75,0.233,0.0
77.5,46,0.233,0.0
77.5,70,0.233,0.0
77.5,74,0.233,0.0
77.75,72,0.225,0.0
77.75,63,0.233,0.0
77.75,53,0.233,0.0
77.75,65,0.233,0.0
77.75,77,0.233,0.0
78.0,70,0.225,0.0
78.0,62,0.225,0.0
78.0,58,0.113,0.0
78.0,65,0.225,0.0
78.0,77,0.225,0.0
78.25,58,0.113,0.0
78.25,53,0.113,0.0
78.25,65,0.113,0.0
78.25,62,0.113,0.0
78.5,65,0.113,0.0
78.5,53,0.113,0.0
78.5,62,0.113,0.0
78.5,58,0.113,0.0
78.75,65,0.113,0.0
78.75,53,0.113,0.0
78.75,62,0.113,0.0
78.75,58,0.113,0.0
79.0,65,0.113,0.0
79.0,53,0.113,0.0
79.0,62,0.113,0.0
79.0,58,0.113,0.0
79.25,65,0.113,0.0
79.25,53,0.113,0.0
79.25,62,0.113,0.0
79.25,58,0.113,0.0
79.5,65,0.113,0.0
79.5,53,0.113,0.0
79.5,62,0.113,0.0
79.5,58,0.113,0.0
79.75,76,0.113,0.0
79.75,65,0.113,0.0
79.75,53,0.113,0.0
79.75,62,0.113,0.0
79.75,58,0.113,0.0
79.875,79,0.113,0.0
80.0,77,0.113,0.0
80.0,65,0.113,0.0
80.0,62,0.113,0.0
80.0,58,0.113,0.0
80.0,53,0.113,0.0
80.25,76,0.056,0.0
80.25,65,0.113,0.0
80.25,62,0.113,0.0
80.25,58,0.113,0.0
80.25,53,0.113,0.0
80.375,79,0.056,0.0
80.5,77,0.113,0.0
80.5,65,0.113,0.0
80.5,62,0.113,0.0
80.5,58,0.113,0.0
80.5,53,0.113,0.0
80.75,76,0.056,0.0
80.75,65,0.113,0.0
80.75,62,0.113,0.0
80.75,58,0.113,0.0
80.75,53,0.113,0.0
80.875,79,0.113,0.0
81.0,77,0.675,0.0
81.0,65,0.113,0.0
81.0,62,0.113,0.0
81.0,58,0.113,0.0
81.0,53,0.113,0.0
81.25,65,0.113,0.0
81.25,62,0.113,0.0
81.25,58,0.113,0.0
81.25,53,0.113,0.0
81.5,65,0.113,0.0
81.5,62,0.113,0.0
81.5,58,0.113,0.0
81.5,53,0.113,0.0
81.75,74,0.225,0.0
81.75,70,0.225,0.0
81.75,65,0.113,0.0
81.75,62,0.113,0.0
81.75,58,0.113,0.0
81.75,53,0.113,0.0
82.0,74,0.113,0.0
82.0,65,0.225,0.0
82.0,69,0.225,0.0
82.0,63,0.113,0.0
82.0,60,0.113,0.0
82.0,53,0.113,0.0
82.125,72,0.113,0.0
82.25,72,0.113,0.0
82.25,65,0.225,0.0
82.25,69,0.225,0.0
82.25,63,0.113,0.0
82.25,60,0.113,0.0
82.25,53,0.113,0.0
82.375,74,0.056,0.0
82.5,75,0.113,0.0
82.5,65,0.113,0.0
82.5,69,0.113,0.0
82.5,63,0.113,0.0
82.5,60,0.113,0.0
82.5,53,0.113,0.0
82.75,72,0.056,0.0
82.75,65,0.113,0.0
82.75,69,0.113,0.0
82.75,63,0.113,0.0
82.75,60,0.113,0.0
82.75,53,0.113,0.0
82.875,74,0.056,0.0
83.0,70,0.113,0.0
83.0,65,0.113,0.0
83.0,62,0.113,0.0
83.0,58,0.113,0.0
83.0,53,0.113,0.0
83.25,65,0.113,0.0
83.25,62,0.113,0.0
83.25,58,0.113,0.0
83.25,53,0.113,0.0
83.5,65,0.113,0.0
83.5,62,0.113,0.0
83.5,58,0.113,0.0
83.5,53,0.113,0.0
83.75,34,0.056,0.0
83.75,65,0.113,0.0
83.75,62,0.113,0.0
83.75,58,0.113,0.0
83.75,53,0.113,0.0
83.875,36,0.056,0.0
84.0,38,0.113,0.0
84.0,65,0.113,0.0
84.0,62,0.113,0.0
84.0,58,0.113,0.0
84.0,53,0.113,0.0
84.25,38,0.056,0.0
84.25,65,0.113,0.0
84.25,62,0.113,0.0
84.25,58,0.113,0.0
84.25,53,0.113,0.0
84.375,39,0.056,0.0
84.5,41,0.113,0.0
84.5,65,0.113,0.0
84.5,62,0.113,0.0
84.5,58,0.113,0.0
84.5,53,0.113,0.0
84.75,43,0.056,0.0
84.75,65,0.113,0.0
84.75,62,0.113,0.0
84.75,58,0.113,0.0
84.75,53,0.113,0.0
84.875,45,0.056,0.0
85.0,46,0.225,0.0
85.0,65,0.113,0.0
85.0,62,0.113,0.0
85.0,58,0.113,0.0
85.0,53,0.113,0.0
85.25,65,0.113,0.0
85.25,62,0.113,0.0
85.25,58,0.113,0.0
85.25,53,0.113,0.0
85.5,65,0.113,0.0
85.5,62,0.113,0.0
85.5,58,0.113,0.0
85.5,53,0.113,0.0
85.75,65,0.113,0.0
85.75,62,0.113,0.0
85.75,58,0.113,0.0
85.75,53,0.113,0.0
86.0,65,0.113,0.0
86.0,62,0.113,0.0
86.0,58,0.113,0.0
86.0,53,0.113,0.0
86.25,65,0.113,0.0
86.25,62,0.113,0.0
86.25,58,0.113,0.0
86.25,53,0.113,0.0
86.5,65,0.113,0.0
86.5,62,0.113,0.0
86.5,58,0.113,0.0
86.5,53,0.113,0.0
86.75,76,0.113,0.0
86.75,65,0.113,0.0
86.75,62,0.113,0.0
86.75,58,0.113,0.0
86.75,53,0.113,0.0
86.875,79,0.056,0.0
87.0,79,0.056,0.0
87.0,65,0.113,0.0
87.0,62,0.113,0.0
87.0,58,0.113,0.0
87.0,53,0.113,0.0
87.125,77,0.113,0.0
87.25,76,0.113,0.0
87.25,70,0.225,0.0
87.25,65,0.113,0.0
87.25,62,0.113,0.0
87.25,58,0.113,0.0
87.25,53,0.113,0.0
87.375,79,0.113,0.0
87.5,79,0.113,0.0
87.5,65,0.113,0.0
87.5,62,0.113,0.0
87.5,58,0.113,0.0
87.5,53,0.113,0.0
87.625,77,0.113,0.0
87.75,76,0.113,0.0
87.75,70,0.225,0.0
87.75,65,0.113,0.0
87.75,62,0.113,0.0
87.75,58,0.113,0.0
87.75,53,0.113,0.0
87.875,79,0.113,0.0
88.0,79,0.113,0.0
88.0,65,0.113,0.0
88.0,62,0.113,0.0
88.0,58,0.113,0.0
88.0,53,0.113,0.0
88.125,77,0.113,0.0
88.25,77,0.113,0.0
88.25,70,0.225,0.0
88.25,65,0.113,0.0
88.25,62,0.113,0.0
88.25,58,0.113,0.0
88.25,53,0.113,0.0
88.375,76,0.113,0.0
88.5,76,0.113,0.0
88.5,65,0.113,0.0
88.5,62,0.113,0.0
88.5,58,0.113,0.0
88.5,53,0.113,0.0
88.625,77,0.113,0.0
88.75,77,0.113,0.0
88.75,70,0.225,0.0
88.75,65,0.113,0.0
88.75,62,0.113,0.0
88.75,58,0.113,0.0
88.75,53,0.113,0.0
88.875,74,0.113,0.0
89.0,74,0.113,0.0
89.0,65,0.225,0.0
89.0,69,0.225,0.0
89.0,63,0.113,0.0
89.0,60,0.113,0.0
89.0,53,0.113,0.0
89.125,72,0.113,0.0
89.25,72,0.113,0.0
89.25,65,0.225,0.0
89.25,69,0.225,0.0
89.25,63,0.113,0.0
89.25,60,0.113,0.0
89.25,53,0.113,0.0
89.375,74,0.113,0.0
89.5,74,0.113,0.0
89.5,65,0.225,0.0
89.5,69,0.225,0.0
89.5,63,0.113,0.0
89.5,60,0.113,0.0
89.5,53,0.113,0.0
89.625,75,0.113,0.0
89.75,75,0.113,0.0
89.75,65,0.225,0.0
89.75,69,0.225,0.0
89.75,63,0.113,0.0
89.75,60,0.113,0.0
89.75,53,0.113,0.0
89.875,72,0.113,0.0
90.0,70,0.225,0.0
90.0,65,0.225,0.0
90.0,62,0.113,0.0
90.0,58,0.113,0.0
90.0,53,0.113,0.0
90.25,46,0.056,0.0
90.25,65,0.113,0.0
90.25,62,0.113,0.0
90.25,58,0.113,0.0
90.25,53,0.113,0.0
90.375,48,0.056,0.0
90.5,50,0.225,0.0
90.5,65,0.113,0.0
90.5,62,0.113,0.0
90.5,58,0.113,0.0
90.5,53,0.113,0.0
90.75,70,0.113,0.0
90.75,65,0.225,0.0
90.75,50,0.225,0.0
90.75,62,0.113,0.0
90.75,58,0.113,0.0
90.875,74,0.113,0.0
91.0,74,0.113,0.0
91.0,51,0.9,0.0
91.0,65,0.225,0.0
91.0,69,0.225,0.0
91.0,60,0.113,0.0
91.0,57,0.113,0.0
91.125,72,0.113,0.0
91.25,72,0.113,0.0
91.25,65,0.225,0.0
91.25,69,0.225,0.0
91.25,60,0.113,0.0
91.25,57,0.113,0.0
91.375,74,0.113,0.0
91.5,74,0.113,0.0
91.5,65,0.225,0.0
91.5,69,0.225,0.0
91.5,60,0.113,0.0
91.5,57,0.113,0.0
91.625,75,0.113,0.0
91.75,75,0.113,0.0
91.75,65,0.225,0.0
91.75,69,0.225,0.0
91.75,60,0.113,0.0
91.75,57,0.113,0.0
91.875,72,0.113,0.0
92.0,79,0.225,0.0
92.0,50,0.225,0.0
92.0,65,0.225,0.0
92.0,70,0.225,0.0
92.0,62,0.113,0.0
92.0,58,0.113,0.0
92.25,77,0.45,0.0
92.25,46,0.056,0.0
92.25,65,0.225,0.0
92.25,70,0.225,0.0
92.375,48,0.056,0.0
92.5,50,0.113,0.0
92.5,65,0.225,0.0
92.5,70,0.225,0.0
92.75,70,0.113,0.0
92.75,50,0.225,0.0
92.75,65,0.225,0.0
92.75,70,0.225,0.0
92.75,62,0.113,0.0
92.75,58,0.113,0.0
92.875,74,0.113,0.0
93.0,74,0.113,0.0
93.0,51,0.9,0.0
93.0,65,0.225,0.0
93.0,69,0.225,0.0
93.0,60,0.113,0.0
93.0,57,0.113,0.0
93.125,72,0.113,0.0
93.25,72,0.113,0.0
93.25,65,0.225,0.0
93.25,69,0.225,0.0
93.25,60,0.113,0.0
93.25,57,0.113,0.0
93.375,74,0.113,0.0
93.5,74,0.113,0.0
93.5,65,0.225,0.0
93.5,69,0.225,0.0
93.5,60,0.113,0.0
93.5,57,0.113,0.0
93.625,75,0.113,0.0
93.75,75,0.113,0.0
93.75,65,0.225,0.0
93.75,69,0.225,0.0
93.75,60,0.113,0.0
93.75,57,0.113,0.0
93.875,72,0.113,0.0
94.0,72,0.225,0.0
94.0,65,0.225,0.0
94.0,50,0.056,0.0
94.0,62,0.113,0.0
94.0,58,0.113,0.0
94.25,70,0.45,0.0
94.25,46,0.029,0.0
94.25,62,0.225,0.0
94.25,65,0.225,0.0
94.375,48,0.056,0.0
94.5,50,0.225,0.0
94.5,62,0.225,0.0
94.5,65,0.225,0.0
94.75,70,0.113,0.0
94.75,65,0.225,0.0
94.75,50,0.225,0.0
94.75,62,0.113,0.0
94.75,58,0.113,0.0
94.875,74,0.113,0.0
95.0,74,0.113,0.0
95.0,65,0.225,0.0
95.0,62,0.113,0.0
95.0,57,0.225,0.0
95.0,53,0.225,0.0
95.125,72,0.113,0.0
95.125,60,0.113,0.0
95.25,72,0.113,0.0
95.25,65,0.225,0.0
95.25,57,0.113,0.0
95.25,41,0.225,0.0
95.375,74,0.113,0.0
95.375,58,0.113,0.0
95.5,74,0.113,0.0
95.5,65,0.225,0.0
95.5,58,0.113,0.0
95.5,53,0.225,0.0
95.625,75,0.113,0.0
95.625,60,0.113,0.0
95.75,75,0.113,0.0
95.75,65,0.225,0.0
95.75,60,0.113,0.0
95.875,72,0.113,0.0
95.875,57,0.113,0.0
96.0,75,0.113,0.0
96.0,63,0.113,0.0
96.0,58,0.225,0.0
96.0,65,0.225,0.0
96.0,70,0.225,0.0
96.125,74,0.113,0.0
96.125,62,0.113,0.0
96.25,74,0.113,0.0
96.25,58,0.113,0.0
96.25,46,0.225,0.0
96.25,65,0.225,0.0
96.25,70,0.225,0.0
96.375,75,0.113,0.0
96.375,60,0.113,0.0
96.5,75,0.113,0.0
96.5,60,0.113,0.0
96.5,55,0.225,0.0
96.5,65,0.225,0.0
96.5,70,0.225,0.0
96.625,77,0.113,0.0
96.625,62,0.113,0.0
96.75,77,0.113,0.0
96.75,62,0.113,0.0
96.75,65,0.225,0.0
96.75,70,0.225,0.0
96.875,74,0.113,0.0
96.875,58,0.113,0.0
97.0,77,0.113,0.0
97.0,65,0.113,0.0
97.0,67,0.225,0.0
97.0,70,0.225,0.0
97.0,55,0.225,0.0
97.0,60,0.225,0.0
97.125,76,0.113,0.0
97.125,64,0.113,0.0
97.25,76,0.113,0.0
97.25,64,0.113,0.0
97.25,60,0.225,0.0
97.25,48,0.113,0.0
97.375,77,0.113,0.0
97.375,65,0.113,0.0
97.375,50,0.113,0.0
97.5,77,0.113,0.0
97.5,65,0.113,0.0
97.5,60,0.225,0.0
97.5,52,0.225,0.0
97.625,79,0.113,0.0
97.625,67,0.113,0.0
97.75,79,0.113,0.0
97.75,67,0.113,0.0
97.75,52,0.056,0.0
97.75,40,0.056,0.0
97.875,81,0.113,0.0
97.875,69,0.056,0.0
97.875,53,0.056,0.0
97.875,41,0.056,0.0
98.0,70,0.675,0.0
98.0,82,0.675,0.0
98.0,55,0.675,0.0
98.0,43,0.675,0.0
98.25,72,0.113,0.0
98.25,60,0.113,0.0
98.5,72,0.113,0.0
98.5,60,0.113,0.0
98.75,72,0.113,0.0
98.75,79,0.225,0.0
98.75,67,0.225,0.0
98.75,52,0.225,0.0
98.75,40,0.225,0.0
99.0,72,0.113,0.0
99.0,81,0.675,0.0
99.0,69,0.675,0.0
99.0,41,0.675,0.0
99.0,53,0.675,0.0
99.25,72,0.113,0.0
99.25,60,0.113,0.0
99.5,72,0.113,0.0
99.5,60,0.113,0.0
99.75,72,0.113,0.0
99.75,65,0.225,0.0
99.75,77,0.225,0.0
99.75,45,0.225,0.0
99.75,57,0.225,0.0
100.0,72,0.113,0.0
100.0,79,0.113,0.0
100.0,67,0.113,0.0
100.0,58,0.113,0.0
100.0,48,0.113,0.0
100.0,46,0.113,0.0
100.25,64,0.113,0.0
100.25,76,0.113,0.0
100.25,72,0.113,0.0
100.25,58,0.113,0.0
100.25,48,0.113,0.0
100.25,46,0.113,0.0
100.5,72,0.113,0.0
100.5,60,0.113,0.0
100.5,58,0.113,0.0
100.5,48,0.113,0.0
100.5,46,0.113,0.0
100.75,64,0.113,0.0
100.75,72,0.113,0.0
100.75,76,0.113,0.0
100.75,58,0.113,0.0
100.75,52,0.113,0.0
100.75,48,0.113,0.0
100.75,46,0.113,0.0
101.0,72,0.225,0.0
101.0,65,0.225,0.0
101.0,77,0.225,0.0
101.0,57,0.225,0.0
101.0,53,0.225,0.0
101.0,48,0.225,0.0
101.0,45,0.225,0.0
101.25,57,0.113,0.0
101.25,53,0.113,0.0
101.25,65,0.113,0.0
101.25,41,0.113,0.0
101.25,29,0.113,0.0
101.375,58,0.113,0.0
101.5,58,0.113,0.0
101.5,53,0.113,0.0
101.5,65,0.113,0.0
101.5,41,0.113,0.0
101.5,29,0.113,0.0
101.625,60,0.113,0.0
101.75,60,0.113,0.0
101.75,53,0.113,0.0
101.75,65,0.113,0.0
101.75,41,0.113,0.0
101.75,29,0.113,0.0
101.875,62,0.113,0.0
102.0,63,0.675,0.0
102.0,53,0.113,0.0
102.0,65,0.113,0.0
102.0,29,0.113,0.0
102.0,41,0.113,0.0
102.25,53,0.113,0.0
102.25,65,0.113,0.0
102.25,40,0.056,0.0
102.25,28,0.056,0.0
102.375,43,0.056,0.0
102.375,31,0.056,0.0
102.5,53,0.113,0.0
102.5,65,0.113,0.0
102.5,29,0.113,0.0
102.5,41,0.113,0.0
102.75,60,0.225,0.0
102.75,53,0.113,0.0
102.75,65,0.113,0.0
103.0,62,0.675,0.0
103.0,53,0.113,0.0
103.0,65,0.113,0.0
103.25,53,0.113,0.0
103.25,65,0.113,0.0
103.25,28,0.056,0.0
103.25,40,0.056,0.0
103.375,31,0.056,0.0
103.375,43,0.056,0.0
103.5,53,0.113,0.0
103.5,65,0.113,0.0
103.5,29,0.113,0.0
103.5,41,0.113,0.0
103.75,58,0.225,0.0
103.75,53,0.113,0.0
103.75,65,0.113,0.0
104.0,60,0.225,0.0
104.0,51,0.675,0.0
104.0,63,0.675,0.0
104.0,60,0.675,0.0
104.25,52,0.113,0.0
104.25,40,0.056,0.0
104.375,55,0.113,0.0
104.375,43,0.056,0.0
104.5,53,0.225,0.0
104.5,41,0.113,0.0
104.75,57,0.113,0.0
104.75,57,0.225,0.0
104.75,48,0.225,0.0
104.75,60,0.225,0.0
105.0,58,0.113,0.0
105.0,50,0.675,0.0
105.0,62,0.675,0.0
105.0,58,0.675,0.0
105.25,62,0.113,0.0
105.25,40,0.056,0.0
105.25,52,0.056,0.0
105.375,43,0.056,0.0
105.375,55,0.056,0.0
105.5,65,0.113,0.0
105.5,41,0.113,0.0
105.5,53,0.113,0.0
105.75,62,0.113,0.0
105.75,58,0.225,0.0
105.75,46,0.225,0.0
106.0,63,0.225,0.0
106.0,60,0.113,0.0
106.0,48,0.113,0.0
106.25,63,0.45,0.0
106.25,57,0.113,0.0
106.25,45,0.113,0.0
106.25,52,0.056,0.0
106.25,40,0.056,0.0
106.375,55,0.056,0.0
106.375,43,0.056,0.0
106.5,53,0.113,0.0
106.5,41,0.113,0.0
106.5,53,0.113,0.0
106.75,45,0.113,0.0
106.75,57,0.113,0.0
106.75,60,0.05,0.0
106.75,62,0.05,0.0
106.85,60,0.05,0.0
106.85,58,0.05,0.0
106.95,60,0.05,0.0
107.0,62,0.225,0.0
107.0,46,0.113,0.0
107.0,58,0.113,0.0
107.25,62,0.45,0.0
107.25,50,0.113,0.0
107.25,62,0.113,0.0
107.25,52,0.056,0.0
107.25,40,0.056,0.0
107.375,55,0.056,0.0
107.375,43,0.056,0.0
107.5,53,0.113,0.0
107.5,65,0.113,0.0
107.5,41,0.113,0.0
107.5,53,0.113,0.0
107.75,50,0.113,0.0
107.75,62,0.113,0.0
107.75,58,0.05,0.0
107.75,60,0.05,0.0
107.85,58,0.05,0.0
107.85,57,0.05,0.0
107.95,58,0.05,0.0
108.0,60,0.225,0.0
108.0,51,0.113,0.0
108.0,63,0.113,0.0
108.25,52,0.113,0.0
108.25,40,0.056,0.0
108.25,51,0.45,0.0
108.25,63,0.45,0.0
108.25,60,0.45,0.0
108.375,55,0.113,0.0
108.375,43,0.056,0.0
108.5,53,0.225,0.0
108.5,41,0.113,0.0
108.75,69,0.225,0.0
108.75,72,0.05,0.0
108.75,74,0.05,0.0
108.75,60,0.225,0.0
108.75,57,0.225,0.0
108.85,72,0.05,0.0
108.85,70,0.05,0.0
108.95,72,0.05,0.0
109.0,74,0.225,0.0
109.0,70,0.225,0.0
109.0,62,0.225,0.0
109.0,58,0.225,0.0
109.25,62,0.113,0.0
109.25,70,0.4,0.0
109.25,74,0.4,0.0
109.25,40,0.056,0.0
109.25,52,0.056,0.0
109.375,43,0.056,0.0
109.375,55,0.056,0.0
109.5,65,0.113,0.0
109.5,53,0.113,0.0
109.5,41,0.113,0.0
109.75,74,0.225,0.0
109.75,82,0.05,0.0
109.75,84,0.05,0.0
109.75,70,0.225,0.0
109.75,62,0.225,0.0
109.75,58,0.225,0.0
109.85,82,0.025,0.0
109.85,81,0.025,0.0
109.95,82,0.025,0.0
110.0,84,0.113,0.0
110.0,63,0.113,0.0
110.0,60,0.113,0.0
110.0,72,0.113,0.0
110.25,72,0.113,0.0
110.25,69,0.113,0.0
110.25,81,0.113,0.0
110.25,40,0.056,0.0
110.25,52,0.056,0.0
110.375,43,0.056,0.0
110.375,55,0.056,0.0
110.5,77,0.113,0.0
110.5,65,0.113,0.0
110.5,69,0.113,0.0
110.5,41,0.113,0.0
110.5,53,0.113,0.0
110.75,81,0.113,0.0
110.75,69,0.113,0.0
110.75,72,0.113,0.0
110.75,60,0.113,0.0
110.75,53,0.113,0.0
111.0,82,0.062,0.0
111.0,34,0.062,0.0
111.0,46,0.062,0.0
111.062,70,0.062,0.0
111.062,48,0.062,0.0
111.125,70,0.062,0.0
111.125,50,0.062,0.0
111.188,58,0.062,0.0
111.188,51,0.062,0.0
111.25,70,0.062,0.0
111.25,53,0.062,0.0
111.312,58,0.062,0.0
111.312,51,0.062,0.0
111.375,70,0.062,0.0
111.375,50,0.062,0.0
111.438,58,0.062,0.0
111.438,48,0.062,0.0
111.5,58,0.25,0.0
111.5,46,0.225,0.0
111.5,34,0.225,0.0
111.75,53,0.225,0.0
111.75,41,0.225,0.0
112.0,38,0.113,0.0
112.0,50,0.113,0.0
112.25,34,0.113,0.0
112.25,46,0.113,0.0
112.5,38,0.113,0.0
112.5,50,0.113,0.0
112.75,74,0.113,0.0
112.75,62,0.113,0.0
112.75,42,0.113,0.0
112.75,54,0.113,0.0
113.0,70,0.113,0.0
113.0,58,0.225,0.0
113.0,43,0.113,0.0
113.0,55,0.113,0.0
113.25,79,0.113,0.0
113.25,67,0.113,0.0
113.5,76,0.113,0.0
113.5,64,0.113,0.0
113.5,40,0.113,0.0
113.5,52,0.113,0.0
113.75,82,0.113,0.0
113.75,70,0.113,0.0
114.0,81,0.113,0.0
114.0,69,0.113,0.0
114.0,41,0.113,0.0
114.0,53,0.113,0.0
114.25,60,0.113,0.0
114.25,84,0.113,0.0
114.25,72,0.113,0.0
114.5,77,0.113,0.0
114.5,53,0.113,0.0
114.5,65,0.113,0.0
114.75,84,0.113,0.0
114.75,87,0.113,0.0
114.75,75,0.113,0.0
114.75,81,0.113,0.0
115.0,74,0.113,0.0
115.0,86,0.113,0.0
115.0,82,0.113,0.0
115.0,46,0.062,0.0
115.0,34,0.062,0.0
115.062,36,0.062,0.0
115.125,70,0.062,0.0
115.125,38,0.062,0.0
115.188,58,0.062,0.0
115.188,39,0.062,0.0
115.25,70,0.062,0.0
115.25,41,0.062,0.0
115.312,58,0.062,0.0
115.312,39,0.062,0.0
115.375,70,0.062,0.0
115.375,38,0.062,0.0
115.438,58,0.062,0.0
115.438,36,0.062,0.0
115.5,58,0.25,0.0
115.5,34,0.225,0.0
115.5,46,0.225,0.0
115.75,41,0.113,0.0
115.75,53,0.113,0.0
116.0,38,0.113,0.0
116.0,50,0.113,0.0
116.25,34,0.113,0.0
116.25,46,0.113,0.0
116.5,50,0.113,0.0
116.5,38,0.113,0.0
116.75,62,0.113,0.0
116.75,74,0.113,0.0
116.75,54,0.113,0.0
116.75,42,0.113,0.0
117.0,58,0.113,0.0
117.0,70,0.113,0.0
117.0,43,0.113,0.0
117.0,55,0.113,0.0
117.25,67,0.113,0.0
117.25,79,0.113,0.0
117.5,64,0.113,0.0
117.5,76,0.113,0.0
117.5,52,0.113,0.0
117.5,40,0.113,0.0
117.75,64,0.113,0.0
117.75,52,0.113,0.0
118.0,60,0.113,0.0
118.0,48,0.113,0.0
118.0,36,0.113,0.0
118.25,72,0.113,0.0
118.5,46,0.113,0.0
118.5,70,0.113,0.0
118.5,82,0.113,0.0
118.75,70,0.113,0.0
118.75,58,0.113,0.0
119.0,69,0.113,0.0
119.0,57,0.113,0.0
119.0,45,0.113,0.0
119.25,81,0.113,0.0
119.5,41,0.113,0.0
119.5,77,0.113,0.0
119.5,65,0.113,0.0
119.75,65,0.113,0.0
119.75,53,0.113,0.0
120.0,75,0.113,0.0
120.0,63,0.113,0.0
120.0,51,0.113,0.0
120.25,87,0.113,0.0
120.5,50,0.113,0.0
120.5,74,0.113,0.0
120.5,86,0.113,0.0
120.75,74,0.113,0.0
120.75,62,0.113,0.0
121.0,70,0.113,0.0
121.0,58,0.113,0.0
121.0,46,0.113,0.0
121.25,70,0.113,0.0
121.25,82,0.113,0.0
121.5,80,0.113,0.0
121.5,92,0.113,0.0
121.5,56,0.113,0.0
121.5,44,0.113,0.0
121.75,80,0.113,0.0
121.75,68,0.113,0.0
122.0,79,0.113,0.0
122.0,67,0.113,0.0
122.0,43,0.113,0.0
122.0,55,0.113,0.0
122.25,79,0.113,0.0
122.25,91,0.113,0.0
122.5,78,0.113,0.0
122.5,90,0.113,0.0
122.5,54,0.113,0.0
122.5,42,0.113,0.0
122.75,78,0.225,0.0
122.75,66,0.225,0.0
123.0,77,1.0,0.0
123.0,65,1.0,0.0
123.0,41,0.9,0.0
123.0,53,0.9,0.0
123.5,53,0.225,0.0
123.75,70,0.225,0.0
123.75,58,0.225,0.0
124.0,69,0.225,0.0
124.0,57,0.225,0.0
124.0,77,0.45,0.0
124.0,65,0.45,0.0
124.25,67,0.225,0.0
124.25,55,0.225,0.0
124.5,77,0.225,0.0
124.5,65,0.225,0.0
124.5,53,0.225,0.0
124.75,75,0.225,0.0
124.75,65,0.475,0.0
124.75,60,0.225,0.0
124.75,87,0.225,0.0
124.75,81,0.225,0.0
125.0,86,0.225,0.0
125.0,58,0.225,0.0
125.0,82,0.225,0.0
125.0,74,0.225,0.0
125.25,84,0.225,0.0
125.25,63,0.225,0.0
125.25,81,0.225,0.0
125.25,72,0.225,0.0
125.5,82,0.225,0.0
125.5,62,0.225,0.0
125.5,77,0.225,0.0
125.5,70,0.225,0.0
125.75,77,0.113,0.0
125.75,86,0.113,0.0
125.75,46,0.113,0.0
125.75,58,0.113,0.0
125.875,74,0.056,0.0
125.875,82,0.056,0.0
125.875,50,0.113,0.0
125.875,62,0.113,0.0
126.0,69,0.113,0.0
126.0,81,0.113,0.0
126.0,65,0.113,0.0
126.0,53,0.113,0.0
126.25,69,0.113,0.0
126.25,81,0.113,0.0
126.25,63,0.113,0.0
126.25,60,0.113,0.0
126.25,53,0.113,0.0
126.5,69,0.113,0.0
126.5,81,0.113,0.0
126.5,63,0.113,0.0
126.5,60,0.113,0.0
126.5,53,0.113,0.0
126.75,82,0.062,0.0
126.75,69,0.225,0.0
126.75,63,0.113,0.0
126.75,60,0.113,0.0
126.75,53,0.113,0.0
126.812,81,0.062,0.0
126.875,79,0.062,0.0
126.938,81,0.062,0.0
127.0,82,0.225,0.0
127.0,62,0.113,0.0
127.0,58,0.113,0.0
127.25,70,0.225,0.0
127.5,53,0.5,0.0
127.5,77,0.225,0.0
127.5,65,0.225,0.0
127.75,82,0.225,0.0
127.75,70,0.225,0.0
128.0,53,0.225,0.0
128.0,41,0.225,0.0
128.0,81,0.225,0.0
128.0,69,0.225,0.0
128.25,58,0.225,0.0
128.25,46,0.225,0.0
128.25,79,0.225,0.0
128.25,67,0.225,0.0
128.5,57,0.225,0.0
128.5,45,0.225,0.0
128.5,77,0.225,0.0
128.5,65,0.225,0.0
128.75,60,0.225,0.0
128.75,48,0.225,0.0
128.75,53,0.475,0.0
128.75,87,0.225,0.0
128.75,75,0.225,0.0
128.75,81,0.225,0.0
129.0,58,0.225,0.0
129.0,46,0.225,0.0
129.0,82,0.225,0.0
129.0,86,0.225,0.0
129.0,74,0.225,0.0
129.25,89,0.45,0.0
129.25,84,0.225,0.0
129.25,77,0.475,0.0
129.25,65,0.45,0.0
129.25,51,0.225,0.0
129.5,82,0.225,0.0
129.5,50,0.225,0.0
129.75,86,0.113,0.0
129.75,74,0.113,0.0
129.75,58,0.113,0.0
129.875,82,0.056,0.0
129.875,70,0.056,0.0
129.875,62,0.056,0.0
130.0,81,0.113,0.0
130.0,69,0.113,0.0
130.0,65,0.1,0.0
130.25,81,0.113,0.0
130.25,53,0.113,0.0
130.25,75,0.113,0.0
130.25,72,0.113,0.0
130.375,60,0.056,0.0
130.5,81,0.113,0.0
130.5,63,0.056,0.0
130.5,75,0.113,0.0
130.5,72,0.113,0.0
130.625,65,0.113,0.0
130.75,82,0.062,0.0
130.75,75,0.225,0.0
130.75,72,0.056,0.0
130.812,81,0.062,0.0
130.875,79,0.062,0.0
130.875,65,0.056,0.0
130.938,81,0.062,0.0
131.0,82,0.225,0.0
131.0,74,0.225,0.0
131.0,70,0.113,0.0
131.25,81,0.056,0.0
131.375,84,0.056,0.0
131.5,82,0.113,0.0
131.75,58,0.25,0.0
131.75,67,0.225,0.0
131.75,63,0.225,0.0
132.0,58,0.225,0.0
132.0,65,0.225,0.0
132.0,62,0.225,0.0
132.25,69,0.056,0.0
132.375,72,0.056,0.0
132.5,70,0.113,0.0
132.75,58,0.45,0.0
132.75,63,0.225,0.0
132.75,60,0.225,0.0
133.0,62,0.225,0.0
133.0,58,0.225,0.0
133.25,81,0.056,0.0
133.375,84,0.056,0.0
133.5,82,0.113,0.0
133.75,58,0.25,0.0
133.75,68,0.225,0.0
133.75,65,0.225,0.0
134.0,58,0.225,0.0
134.0,67,0.225,0.0
134.0,63,0.225,0.0
134.25,69,0.056,0.0
134.375,72,0.056,0.0
134.5,70,0.113,0.0
134.75,58,0.45,0.0
134.75,65,0.225,0.0
134.75,62,0.225,0.0
135.0,63,0.225,0.0
135.0,60,0.225,0.0
135.25,81,0.056,0.0
135.375,84,0.056,0.0
135.5,82,0.113,0.0
135.75,58,0.25,0.0
135.75,70,0.225,0.0
135.75,67,0.225,0.0
136.0,58,0.225,0.0
136.0,68,0.225,0.0
136.0,65,0.225,0.0
136.25,69,0.056,0.0
136.375,72,0.056,0.0
136.5,70,0.113,0.0
136.75,58,0.45,0.0
136.75,67,0.225,0.0
136.75,63,0.225,0.0
137.0,65,0.225,0.0
137.0,62,0.225,0.0
137.25,81,0.058,0.0
137.375,84,0.058,0.0
137.5,82,0.117,0.0
137.75,68,0.225,0.0
137.75,58,0.25,0.0
137.75,84,0.233,0.0
137.75,72,0.233,0.0
137.75,80,0.233,0.0
138.0,67,0.233,0.0
138.0,58,0.2,0.0
138.0,79,0.233,0.0
138.0,70,0.233,0.0
138.0,82,0.233,0.0
138.25,65,0.233,0.0
138.25,58,0.469,0.0
138.25,80,0.233,0.0
138.25,68,0.233,0.0
138.25,77,0.233,0.0
138.5,63,0.233,0.0
138.5,75,0.233,0.0
138.5,79,0.233,0.0
138.5,67,0.233,0.0
138.75,65,0.233,0.0
138.75,58,0.469,0.0
138.75,77,0.233,0.0
138.75,74,0.233,0.0
139.0,68,0.233,0.0
139.0,84,0.233,0.0
139.0,72,0.233,0.0
139.0,80,0.233,0.0
139.25,67,0.233,0.0
139.25,58,0.469,0.0
139.25,79,0.233,0.0
139.25,82,0.233,0.0
139.25,70,0.233,0.0
139.5,65,0.233,0.0
139.5,80,0.233,0.0
139.5,68,0.233,0.0
139.5,77,0.233,0.0
139.75,63,0.233,0.0
139.75,58,0.25,0.0
139.75,75,0.233,0.0
139.75,67,0.233,0.0
139.75,79,0.233,0.0
140.0,65,0.233,0.0
140.0,58,0.219,0.0
140.0,77,0.233,0.0
140.0,74,0.233,0.0
140.25,68,0.233,0.0
140.25,58,0.469,0.0
140.25,84,0.233,0.0
140.25,72,0.233,0.0
140.25,80,0.233,0.0
140.5,67,0.233,0.0
140.5,79,0.233,0.0
140.5,70,0.233,0.0
140.5,82,0.233,0.0
140.75,65,0.233,0.0
140.75,58,0.469,0.0
140.75,80,0.233,0.0
140.75,68,0.233,0.0
140.75,77,0.233,0.0
141.0,63,0.233,0.0
141.0,75,0.233,0.0
141.0,79,0.233,0.0
141.0,67,0.233,0.0
141.25,65,0.233,0.0
141.25,58,0.469,0.0
141.25,77,0.233,0.0
141.25,74,0.233,0.0
141.5,68,0.233,0.0
141.5,84,0.233,0.0
141.5,72,0.233,0.0
141.5,80,0.233,0.0
141.75,67,0.233,0.0
141.75,58,0.25,0.0
141.75,79,0.233,0.0
141.75,82,0.233,0.0
141.75,70,0.233,0.0
142.0,65,0.225,0.0
142.0,58,0.219,0.0
142.0,80,0.233,0.0
142.0,68,0.233,0.0
142.0,77,0.233,0.0
142.25,63,0.225,0.0
142.25,58,0.45,0.0
142.25,75,0.233,0.0
142.25,67,0.233,0.0
142.25,79,0.233,0.0
142.5,77,0.233,0.0
142.5,74,0.233,0.0
142.5,65,0.225,0.0
142.5,62,0.225,0.0
142.75,58,0.45,0.0
142.75,84,0.233,0.0
142.75,72,0.233,0.0
142.75,80,0.233,0.0
142.75,46,0.225,0.0
142.75,50,0.225,0.0
143.0,79,0.233,0.0
143.0,70,0.233,0.0
143.0,82,0.233,0.0
143.0,51,0.225,0.0
143.0,48,0.225,0.0
143.25,58,0.45,0.0
143.25,80,0.233,0.0
143.25,77,0.233,0.0
143.25,82,0.45,0.0
143.25,70,0.45,0.0
143.25,50,0.225,0.0
143.25,53,0.225,0.0
143.5,79,0.233,0.0
143.5,75,0.233,0.0
143.5,55,0.225,0.0
143.5,51,0.225,0.0
143.75,74,0.25,0.0
143.75,68,0.25,0.0
143.75,80,0.25,0.0
143.75,82,0.25,0.0
143.75,70,0.25,0.0
143.75,53,0.25,0.0
143.75,56,0.25,0.0
144.0,74,0.713,0.0
144.0,68,0.713,0.0
144.0,80,0.713,0.0
144.0,82,0.45,0.0
144.0,70,0.45,0.0
144.0,53,0.75,0.0
144.0,56,0.75,0.0
144.75,34,0.056,0.0
144.75,46,0.056,0.0
144.875,36,0.056,0.0
144.875,48,0.056,0.0
145.0,38,0.113,0.0
145.0,50,0.113,0.0
145.25,50,0.056,0.0
145.25,38,0.056,0.0
145.375,51,0.056,0.0
145.375,39,0.056,0.0
145.5,41,0.113,0.0
145.5,53,0.113,0.0
145.75,41,0.056,0.0
145.75,53,0.056,0.0
145.875,43,0.056,0.0
145.875,55,0.056,0.0
146.0,56,0.45,0.0
146.0,44,0.45,0.0
146.75,70,0.056,0.0
146.75,58,0.056,0.0
146.875,72,0.056,0.0
146.875,60,0.056,0.0
147.0,74,0.113,0.0
147.0,62,0.113,0.0
147.25,74,0.056,0.0
147.25,70,0.056,0.0
147.25,58,0.056,0.0
147.25,62,0.056,0.0
147.375,75,0.056,0.0
147.375,72,0.056,0.0
147.375,58,0.056,0.0
147.375,63,0.056,0.0
147.5,77,0.113,0.0
147.5,74,0.113,0.0
147.5,58,0.113,0.0
147.5,65,0.113,0.0
147.75,77,0.056,0.0
147.75,74,0.056,0.0
147.75,58,0.056,0.0
147.75,65,0.056,0.0
147.875,79,0.113,0.0
147.875,75,0.113,0.0
147.875,58,0.113,0.0
147.875,67,0.113,0.0
148.0,74,0.113,0.0
148.0,80,0.113,0.0
148.0,58,0.113,0.0
148.0,65,0.113,0.0
148.0,68,0.113,0.0
148.125,74,0.113,0.0
148.125,80,0.113,0.0
148.125,58,0.113,0.0
148.125,65,0.113,0.0
148.125,68,0.113,0.0
148.25,74,0.113,0.0
148.25,80,0.113,0.0
148.25,58,0.113,0.0
148.25,65,0.113,0.0
148.25,68,0.113,0.0
148.375,74,0.113,0.0
148.375,80,0.113,0.0
148.375,58,0.113,0.0
148.375,65,0.113,0.0
148.375,68,0.113,0.0
148.5,74,0.113,0.0
148.5,80,0.113,0.0
148.5,58,0.113,0.0
148.5,65,0.113,0.0
148.5,68,0.113,0.0
148.875,79,0.062,0.0
148.938,82,0.062,0.0
149.0,80,0.125,0.0
150.0,79,0.113,0.0
150.0,75,0.113,0.0
150.0,70,0.113,0.0
150.0,63,0.113,0.0
150.0,67,0.113,0.0
150.125,75,0.113,0.0
150.125,70,0.113,0.0
150.125,79,0.113,0.0
150.125,63,0.113,0.0
150.125,67,0.113,0.0
150.25,79,0.113,0.0
150.25,70,0.113,0.0
150.25,75,0.113,0.0
150.25,63,0.113,0.0
150.25,67,0.113,0.0
150.375,75,0.113,0.0
150.375,79,0.113,0.0
150.375,70,0.113,0.0
150.375,63,0.113,0.0
150.375,67,0.113,0.0
150.5,79,0.125,0.0
150.5,70,0.125,0.0
150.5,75,0.125,0.0
150.5,63,0.113,0.0
150.5,67,0.113,0.0
150.875,77,0.031,0.0
150.938,80,0.031,0.0
151.0,79,0.125,0.0
151.875,79,0.062,0.0
151.875,75,0.113,0.0
151.875,70,0.113,0.0
151.875,63,0.113,0.0
151.875,51,0.113,0.0
151.938,82,0.062,0.0
152.0,80,0.113,0.0
152.0,74,0.113,0.0
152.0,70,0.113,0.0
152.0,58,0.113,0.0
152.0,46,0.113,0.0
152.125,79,0.062,0.0
152.125,74,0.113,0.0
152.125,68,0.113,0.0
152.125,65,0.113,0.0
152.125,58,0.113,0.0
152.188,82,0.062,0.0
152.25,80,0.1,0.0
152.25,74,0.113,0.0
152.25,68,0.113,0.0
152.25,65,0.113,0.0
152.25,58,0.113,0.0
152.375,79,0.062,0.0
152.375,74,0.113,0.0
152.375,68,0.113,0.0
152.375,65,0.113,0.0
152.375,58,0.113,0.0
152.438,82,0.062,0.0
152.5,80,0.125,0.0
152.5,74,0.113,0.0
152.5,68,0.113,0.0
152.5,65,0.113,0.0
152.5,58,0.113,0.0
152.875,67,0.062,0.0
152.938,70,0.062,0.0
153.0,68,0.1,0.0
153.875,77,0.062,0.0
153.875,58,0.113,0.0
153.875,46,0.113,0.0
153.938,80,0.062,0.0
154.0,79,0.113,0.0
154.0,51,0.113,0.0
154.0,63,0.113,0.0
154.125,77,0.062,0.0
154.125,58,0.113,0.0
154.125,63,0.113,0.0
154.125,67,0.113,0.0
154.188,80,0.062,0.0
154.25,79,0.1,0.0
154.25,58,0.113,0.0
154.25,63,0.113,0.0
154.25,67,0.113,0.0
154.375,77,0.062,0.0
154.375,58,0.113,0.0
154.375,63,0.113,0.0
154.375,67,0.113,0.0
154.438,80,0.031,0.0
154.5,79,0.125,0.0
154.5,58,0.113,0.0
154.5,63,0.113,0.0
154.5,67,0.113,0.0
154.875,65,0.031,0.0
154.938,68,0.031,0.0
155.0,67,0.125,0.0
156.0,75,0.075,0.0
156.0,79,0.075,0.0
156.0,63,0.113,0.0
156.0,51,0.113,0.0
156.083,67,0.075,0.0
156.167,79,0.075,0.0
156.167,75,0.075,0.0
156.25,67,0.075,0.0
156.25,63,0.113,0.0
156.25,51,0.113,0.0
156.333,75,0.075,0.0
156.333,79,0.075,0.0
156.417,67,0.075,0.0
156.5,77,0.075,0.0
156.5,74,0.075,0.0
156.5,62,0.113,0.0
156.5,53,0.113,0.0
156.583,65,0.075,0.0
156.667,74,0.075,0.0
156.667,77,0.075,0.0
156.75,69,0.075,0.0
156.75,60,0.113,0.0
156.75,53,0.113,0.0
156.833,81,0.075,0.0
156.833,75,0.075,0.0
156.917,69,0.075,0.0
157.0,74,0.075,0.0
157.0,82,0.075,0.0
157.0,58,0.113,0.0
157.0,46,0.113,0.0
157.083,70,0.075,0.0
157.167,82,0.075,0.0
157.167,74,0.075,0.0
157.25,67,0.075,0.0
157.25,63,0.113,0.0
157.25,51,0.113,0.0
157.333,75,0.075,0.0
157.333,79,0.075,0.0
157.417,67,0.075,0.0
157.5,77,0.075,0.0
157.5,74,0.075,0.0
157.5,62,0.113,0.0
157.5,53,0.113,0.0
157.583,65,0.075,0.0
157.667,74,0.075,0.0
157.667,77,0.075,0.0
157.75,69,0.075,0.0
157.75,60,0.113,0.0
157.75,53,0.113,0.0
157.833,81,0.075,0.0
157.833,75,0.075,0.0
157.917,69,0.075,0.0
158.0,74,0.062,0.0
158.0,82,0.062,0.0
158.0,58,0.113,0.0
158.0,46,0.113,0.0
158.062,70,0.062,0.0
158.125,79,0.062,0.0
158.125,75,0.062,0.0
158.125,63,0.056,0.0
158.125,60,0.056,0.0
158.188,70,0.062,0.0
158.25,74,0.062,0.0
158.25,77,0.062,0.0
158.25,62,0.056,0.0
158.25,58,0.056,0.0
158.312,70,0.062,0.0
158.375,81,0.062,0.0
158.375,75,0.062,0.0
158.375,60,0.056,0.0
158.375,53,0.056,0.0
158.438,69,0.062,0.0
158.5,74,0.062,0.0
158.5,82,0.062,0.0
158.5,46,0.113,0.0
158.5,58,0.113,0.0
158.562,70,0.062,0.0
158.625,79,0.062,0.0
158.625,75,0.062,0.0
158.625,63,0.056,0.0
158.625,60,0.056,0.0
158.688,70,0.062,0.0
158.75,74,0.062,0.0
158.75,77,0.062,0.0
158.75,62,0.056,0.0
158.75,58,0.056,0.0
158.812,70,0.062,0.0
158.875,81,0.062,0.0
158.875,75,0.062,0.0
158.875,53,0.056,0.0
158.875,60,0.056,0.0
158.938,69,0.062,0.0
159.0,74,0.062,0.0
159.0,82,0.062,0.0
159.0,46,0.113,0.0
159.0,58,0.113,0.0
159.062,70,0.062,0.0
159.125,79,0.062,0.0
159.125,75,0.062,0.0
159.125,63,0.056,0.0
159.125,60,0.056,0.0
159.188,70,0.062,0.0
159.25,74,0.062,0.0
159.25,77,0.062,0.0
159.25,62,0.056,0.0
159.25,58,0.056,0.0
159.312,70,0.062,0.0
159.375,81,0.062,0.0
159.375,75,0.062,0.0
159.375,53,0.056,0.0
159.375,60,0.056,0.0
159.438,69,0.062,0.0
159.5,74,0.062,0.0
159.5,82,0.062,0.0
159.5,46,0.113,0.0
159.5,58,0.113,0.0
159.562,70,0.062,0.0
159.625,79,0.062,0.0
159.625,75,0.062,0.0
159.625,63,0.056,0.0
159.625,60,0.056,0.0
159.688,70,0.062,0.0
159.75,74,0.062,0.0
159.75,77,0.062,0.0
159.75,62,0.056,0.0
159.75,58,0.056,0.0
159.812,70,0.062,0.0
159.875,81,0.062,0.0
159.875,75,0.062,0.0
159.875,53,0.113,0.0
159.875,60,0.113,0.0
159.938,69,0.062,0.0
160.0,74,0.062,0.0
160.0,82,0.062,0.0
160.0,46,0.113,0.0
160.0,58,0.113,0.0
160.062,58,0.062,0.0
160.125,58,0.062,0.0
160.125,34,0.062,0.0
160.188,58,0.062,0.0
160.188,46,0.062,0.0
160.25,58,0.062,0.0
160.25,34,0.062,0.0
160.312,58,0.062,0.0
160.312,46,0.062,0.0
160.375,58,0.062,0.0
160.375,34,0.062,0.0
160.438,58,0.062,0.0
160.438,46,0.062,0.0
160.5,58,0.062,0.0
160.5,34,0.062,0.0
160.562,58,0.062,0.0
160.562,46,0.062,0.0
160.625,58,0.062,0.0
160.625,34,0.062,0.0
160.688,58,0.062,0.0
160.688,46,0.062,0.0
160.75,58,0.062,0.0
160.75,34,0.062,0.0
160.812,58,0.062,0.0
160.812,46,0.062,0.0
160.875,58,0.062,0.0
160.875,34,0.062,0.0
160.938,58,0.062,0.0
160.938,46,0.062,0.0
161.0,58,0.225,0.0
161.0,34,0.1,0.0
161.125,46,0.062,0.0
